customer_id,customer_name,region,monthly_commitment_kg,unit_price_inr,minimum_fulfillment_pct,priority,contract_start,contract_end
CUST_B2B_001,B2B Partner 1,Chennai,1060.0,218.34,0.8,LOW,2025-01-01,2026-12-27
CUST_B2B_002,B2B Partner 2,Pune,666.0,210.0,0.8,MEDIUM,2025-01-01,2026-12-27
CUST_B2B_003,B2B Partner 3,Chennai,1071.0,270.81,0.9,HIGH,2025-01-01,2026-12-27
CUST_B2B_004,B2B Partner 4,Chennai,1637.0,221.23,0.8,HIGH,2025-01-01,2026-12-27
CUST_B2B_005,B2B Partner 5,Mumbai,659.0,261.17,0.8,HIGH,2025-01-01,2026-12-27
CUST_B2B_006,B2B Partner 6,Mumbai,674.0,261.19,1.0,HIGH,2025-01-01,2026-12-27
CUST_B2B_007,B2B Partner 7,Bengaluru,1790.0,298.32,0.8,MEDIUM,2025-01-01,2026-12-27
CUST_B2B_008,B2B Partner 8,Bengaluru,846.0,217.05,0.8,HIGH,2025-01-01,2026-12-27
CUST_B2B_009,B2B Partner 9,Chennai,213.0,280.84,0.8,MEDIUM,2025-01-01,2026-12-27
CUST_B2B_010,B2B Partner 10,Pune,1563.0,224.1,0.8,MEDIUM,2025-01-01,2026-12-27
CUST_B2B_011,B2B Partner 11,Bengaluru,405.0,239.11,0.9,HIGH,2025-01-01,2026-12-27
CUST_B2B_012,B2B Partner 12,Pune,1995.0,218.49,0.9,LOW,2025-01-01,2026-12-27
CUST_B2B_013,B2B Partner 13,Chennai,361.0,239.52,1.0,LOW,2025-01-01,2026-12-27
CUST_B2B_014,B2B Partner 14,Chennai,1216.0,296.12,0.8,LOW,2025-01-01,2026-12-27
CUST_B2B_015,B2B Partner 15,Pune,1078.0,282.87,0.8,MEDIUM,2025-01-01,2026-12-27
CUST_B2B_016,B2B Partner 16,Mumbai,1380.0,280.22,1.0,HIGH,2025-01-01,2026-12-27
CUST_B2B_017,B2B Partner 17,Mumbai,1567.0,239.49,1.0,MEDIUM,2025-01-01,2026-12-27
CUST_B2B_018,B2B Partner 18,Bengaluru,1722.0,270.69,0.8,LOW,2025-01-01,2026-12-27
CUST_B2B_019,B2B Partner 19,Bengaluru,1996.0,292.63,1.0,MEDIUM,2025-01-01,2026-12-27
CUST_B2B_020,B2B Partner 20,Mumbai,979.0,233.09,1.0,HIGH,2025-01-01,2026-12-27
CUST_B2B_021,B2B Partner 21,Panaji,298.0,259.13,1.0,MEDIUM,2025-01-01,2026-12-27
CUST_B2B_022,B2B Partner 22,Mumbai,1962.0,211.96,0.8,LOW,2025-01-01,2026-12-27
CUST_B2B_023,B2B Partner 23,Panaji,1441.0,223.6,1.0,MEDIUM,2025-01-01,2026-12-27
CUST_B2B_024,B2B Partner 24,Mumbai,406.0,242.75,0.8,HIGH,2025-01-01,2026-12-27
CUST_B2B_025,B2B Partner 25,Bengaluru,1798.0,289.58,0.8,MEDIUM,2025-01-01,2026-12-27
