month,internal_capacity_kg,co_manufacturing_capacity_kg,downtime_kg,reserved_capacity_kg,available_capacity_kg
2025-01,46274.0,8814.0,996.0,2313.0,51779.0
2025-02,30043.0,0.0,1450.0,1502.0,27091.0
2025-03,42829.0,8158.0,1801.0,2141.0,47045.0
2025-04,42483.0,8092.0,629.0,2124.0,47822.0
2025-05,62383.0,0.0,1829.0,3119.0,57435.0
2025-06,59659.0,0.0,794.0,2982.0,55883.0
2025-07,47463.0,9040.0,1856.0,2373.0,52274.0
2025-08,35824.0,0.0,1286.0,1791.0,32747.0
2025-09,35396.0,0.0,615.0,1769.0,33012.0
2025-10,42498.0,8094.0,1538.0,2124.0,46930.0
2025-11,44262.0,8430.0,662.0,2213.0,49817.0
2025-12,31784.0,0.0,957.0,1589.0,29238.0
2026-01,61898.0,0.0,1766.0,3094.0,57038.0
2026-02,60209.0,0.0,1615.0,3010.0,55584.0
2026-03,45553.0,8676.0,572.0,2277.0,51380.0
2026-04,66404.0,0.0,1513.0,3320.0,61571.0
2026-05,74365.0,0.0,1796.0,3718.0,68851.0
2026-06,57460.0,0.0,1009.0,2873.0,53578.0
